<?xml version="1.0" encoding="UTF-8"?>
<project-private xmlns="http://www.netbeans.org/ns/project-private/1">
    <editor-bookmarks xmlns="http://www.netbeans.org/ns/editor-bookmarks/2" lastBookmarkId="0"/>
    <open-files xmlns="http://www.netbeans.org/ns/projectui-open-files/2">
        <group>
            <file>file:/home/loki/Documents/Code/CienciasiII/Compilador/src/SoloLexico/AnalizadorLexico.java</file>
            <file>file:/home/loki/Documents/Code/CienciasiII/Compilador/src/SoloLexico/Lexico.flex</file>
            <file>file:/home/loki/Documents/Code/CienciasiII/Compilador/src/SoloLexico/Tokens.java</file>
            <file>file:/home/loki/Documents/Code/CienciasiII/Compilador/src/SoloLexico/FrmAnalizador.java</file>
            <file>file:/home/loki/Documents/Code/CienciasiII/Compilador/src/SoloLexico/Lexico.java</file>
        </group>
    </open-files>
</project-private>
