<?xml version="1.0" encoding="UTF-8"?>
<project-private xmlns="http://www.netbeans.org/ns/project-private/1">
    <editor-bookmarks xmlns="http://www.netbeans.org/ns/editor-bookmarks/2" lastBookmarkId="0"/>
    <open-files xmlns="http://www.netbeans.org/ns/projectui-open-files/2">
        <group>
            <file>file:/E:/USBALF11/Clases/2021/Diseno_Orientado_Objetos/Proyectos/NetBeansProjects/LexicoClase/src/Analizador/Sintaxis.cup</file>
            <file>file:/E:/USBALF11/Clases/2021/Diseno_Orientado_Objetos/Proyectos/NetBeansProjects/LexicoClase/src/Analizador/sym.java</file>
            <file>file:/E:/USBALF11/Clases/2021/Diseno_Orientado_Objetos/Proyectos/NetBeansProjects/LexicoClase/src/Analizador/Tokens.java</file>
        </group>
    </open-files>
</project-private>
